{
"event1": {
  "build_id": "10.3.5.34",
  "inst_id": "5ef0a5aa2ab8d1251296db5cc31d732109ba31428d030c9ca37df702de6c279",
  "trialstate": "Expired",
  "_l": 32,
  "action": "prostarted",
  "event_id": "5c2dcf1b-953d-4ea0-a8d7-1a936ab25e53",
  "timestamp": "1486250584"
},
"event2": {
  "build_id": "10.3.5.34",
  "inst_id": "5ef0a5aa2ab8d1251296db5cc31d732109ba31428d030c9ca37df702de6c279",
  "trialstate": "Expired",
  "_l": 32,
  "action": "proedit",
  "event_id": "00503146-e9ef-44af-8b9e-f39ce39e521d",
  "timestamp": "1486250694"
},
  "event3": {
  "build_id": "10.3.5.34",
  "inst_id": "5ef0a5aa2ab8d1251296db5cc31d732109ba31428d030c9ca37df702de6c279",
  "trialstate": "Expired",
  "_l": 32,
  "action": "proedit",
  "event_id": "00503146-e9ef-44af-8b9e-f39ce39e521d",
  "timestamp": "1486260694"
},
  "event4": {
    "build_id": "10.3.5.34",
    "inst_id": "4fgh781a2ab8d1251296db5cc31d732109ba31428d030c9ca37df702de6c279",
    "trialstate": "Expired",
    "_l": 32,
    "action": "prostarted",
    "event_id": "cd880df4-64f7-4e66-a9bb-7fb3e2b8446c",
  "timestamp": "1486250722"
  },
  "event5": {
    "build_id": "10.3.5.34",
    "inst_id": "4fgh781a2ab8d1251296db5cc31d732109ba31428d030c9ca37df702de6c279",
    "trialstate": "Expired",
    "_l": 32,
    "action": "prostarted",
    "event_id": "8a25dadc-c158-488a-9f18-c37869822d06",
  "timestamp": "1486250795"
}
}